,name,ACDC,sunnybrook,STACOM’11,RVSC,M&Ms,BRATS,PROMISE12,LIDC-IDRI,DRIVE,CBIS-DDSM,Chexpert,ChestX-Ray14,PadChest,MIMIC,VinDr-CXR,PAD-UFES-20,CAMELYON,CADDementia,MRNet,PROSTATEx
0,Robust Anatomical Landmark Detection for MR Brain Image Registration.,False,False,False,False,False,False,False,False,False,False,False,False,False,False,False,False,False,False,False,False
10,Fusing Functional Signals by Sparse Canonical Correlation Analysis Improves Network Reproducibility.,False,False,False,False,False,False,False,False,False,False,False,False,False,False,False,False,False,False,False,False
20,Simultaneous Bone and Shadow Segmentation Network Using Task Correspondence Consistency.,False,False,False,False,False,False,False,False,False,False,False,False,False,False,False,False,False,False,False,False
30,TRAKO: Efficient Transmission of Tractography Data for Visualization.,False,False,False,False,False,False,False,False,False,False,False,False,False,False,False,False,False,False,False,False
40,A Continuous Model of Cortical Connectivity.,False,False,False,False,False,False,False,False,False,False,False,False,False,False,False,False,False,False,False,False
50,Cluster Analysis in Latent Space: Identifying Personalized Aortic Valve Prosthesis Shapes using Deep Representations.,False,False,False,False,False,False,False,False,False,False,False,False,False,False,False,False,False,False,False,False
60,Alleviating the Incompatibility Between Cross Entropy Loss and Episode Training for Few-Shot Skin Disease Classification.,False,False,False,False,False,False,False,False,False,False,False,False,False,False,False,False,False,False,False,False
70,U-ReSNet: Ultimate Coupling of Registration and Segmentation with Deep Nets.,False,False,False,False,False,False,False,False,False,False,False,False,False,False,False,False,False,False,False,False
80,Double Your Views – Exploiting Symmetry in Transmission Imaging.,False,False,False,False,False,False,False,False,False,False,False,False,False,False,False,False,False,False,False,False
90,A Projection-Based K-space Transformer Network for Undersampled Radial MRI Reconstruction with Limited Training Subjects.,False,False,False,False,False,False,False,False,False,False,False,False,False,False,False,False,False,False,False,False
100,Intra-operative Update of Boundary Conditions for Patient-Specific Surgical Simulation.,False,False,False,False,False,False,False,False,False,False,False,False,False,False,False,False,False,False,False,False
110,Learning Whole-Slide Segmentation from Inexact and Incomplete Labels Using Tissue Graphs.,False,False,False,False,False,False,False,False,False,False,False,False,False,False,False,False,False,False,False,False
120,Developmental Stage Classification of Embryos Using Two-Stream Neural Network with Linear-Chain Conditional Random Field.,False,False,False,False,False,False,False,False,False,False,False,False,False,False,False,False,False,False,False,False
130,Overfitting of Neural Nets Under Class Imbalance: Analysis and Improvements for Segmentation.,False,False,False,False,False,False,False,False,False,False,False,False,False,False,False,False,False,False,False,False
140,CS$$^2$$: A Controllable and Simultaneous Synthesizer of Images and Annotations with Minimal Human Intervention.,False,False,False,False,False,False,False,False,False,False,False,False,False,False,False,False,False,False,False,False
150,A Generative-Discriminative Basis Learning Framework to Predict Clinical Severity from Resting State Functional MRI Data.,False,False,False,False,False,False,False,False,False,False,False,False,False,False,False,False,False,False,False,False
160,3D Steering of a Flexible Needle by Visual Servoing.,False,False,False,False,False,False,False,False,False,False,False,False,False,False,False,False,False,False,False,False
170,Motion-Corrected Super-Resolution Reconstruction for High-Resolution 3D Cardiac Cine MRI.,False,False,False,False,False,False,False,False,False,False,False,False,False,False,False,False,False,False,False,False
180,Detection of Glands and Villi by Collaboration of Domain Knowledge and Deep Learning.,False,False,False,False,False,False,False,False,False,False,False,False,False,False,False,False,False,False,False,False
190,E$$^2$$Net: An Edge Enhanced Network for Accurate Liver and Tumor Segmentation on CT Scans.,False,False,False,False,False,False,False,False,False,False,False,False,False,False,False,False,False,False,False,False
200,Multi-scale Super-Resolution Magnetic Resonance Spectroscopic Imaging with Adjustable Sharpness.,False,False,False,False,False,False,False,False,False,False,False,False,False,False,False,False,False,False,False,False
210,Understanding and Visualizing Generalization in UNets.,False,False,False,False,False,False,False,False,False,False,False,False,False,False,False,False,False,False,False,False
220,Harmonizing Diffusion MRI Data Across Multiple Sites and Scanners.,False,False,False,False,False,False,False,False,False,False,False,False,False,False,False,False,False,False,False,False
230,Joint Modeling of Chest Radiographs and Radiology Reports for Pulmonary Edema Assessment.,False,False,False,False,False,False,False,False,False,False,False,False,False,False,False,False,False,False,False,False
240,Cardiac Image Super-Resolution with Global Correspondence Using Multi-Atlas PatchMatch.,False,False,False,False,False,False,False,False,False,False,False,False,False,False,False,False,False,False,False,False
250,Beyond Classification: Structured Regression for Robust Cell Detection Using Convolutional Neural Network.,False,False,False,False,False,False,False,False,False,False,False,False,False,False,False,False,False,False,False,False
260,Segmenting Kidney DCE-MRI Using 1st-Order Shape and 5th-Order Appearance Priors.,False,False,False,False,False,False,False,False,False,False,False,False,False,False,False,False,False,False,False,False
270,Invertible Network for Classification and Biomarker Selection for ASD.,False,False,False,False,False,False,False,False,False,False,False,False,False,False,False,False,False,False,False,False
280,Test-Time Adaptation with Shape Moments for Image Segmentation.,False,False,False,False,False,False,False,False,False,False,False,False,False,False,False,False,False,False,False,False
290,Fast Geodesic Regression for Population-Based Image Analysis.,False,False,False,False,False,False,False,False,False,False,False,False,False,False,False,False,False,False,False,False
300,Direct Parametric Image Reconstruction of Rapid Multi-tracer PET.,False,False,False,False,False,False,False,False,False,False,False,False,False,False,False,False,False,False,False,False
310,Unsupervised Deformable Image Registration with Absent Correspondences in Pre-operative and Post-recurrence Brain Tumor MRI Scans.,False,False,False,False,False,False,False,False,False,False,False,False,False,False,False,False,False,False,False,False
320,Automated Segmentation and Geometrical Modeling of the Tricuspid Aortic Valve in 3D Echocardiographic Images.,False,False,False,False,False,False,False,False,False,False,False,False,False,False,False,False,False,False,False,False
330,Classification of MRI under the Presence of Disease Heterogeneity using Multi-Task Learning: Application to Bipolar Disorder.,False,False,False,False,False,False,False,False,False,False,False,False,False,False,False,False,False,False,False,False
340,Microscopic Fine-Grained Instance Classification Through Deep Attention.,False,False,False,False,False,False,False,False,False,False,False,False,False,False,False,False,False,False,False,False
350,Synthetic Sample Selection via Reinforcement Learning.,False,False,False,False,False,False,False,False,False,False,False,False,False,False,False,False,False,False,False,False
360,Interactive Retinal Vessel Extraction by Integrating Vessel Tracing and Graph Search.,False,False,False,False,False,False,False,False,False,False,False,False,False,False,False,False,False,False,False,False
370,Multiple Meta-model Quantifying for Medical Visual Question Answering.,False,False,False,False,False,False,False,False,False,False,False,False,False,False,False,False,False,False,False,False
380,Robust Non-negative Tensor Factorization Diffeomorphic Motion Correction and Functional Statistics to Understand Fixation in Fluorescence Microscopy.,False,False,False,False,False,False,False,False,False,False,False,False,False,False,False,False,False,False,False,False
390,Adaptive Voxel Texture and Temporal Conditional Random Fields for Detection of Gad-Enhancing Multiple Sclerosis Lesions in Brain MRI.,False,False,False,False,False,False,False,False,False,False,False,False,False,False,False,False,False,False,False,False
400,Estimating Large Lung Motion in COPD Patients by Symmetric Regularised Correspondence Fields.,False,False,False,False,False,False,False,False,False,False,False,False,False,False,False,False,False,False,False,False
410,Globally Guided Progressive Fusion Network for 3D Pancreas Segmentation.,False,False,False,False,False,False,False,False,False,False,False,False,False,False,False,False,False,False,False,False
420,Complete Set of Invariants of a 4 th Order Tensor: The 12 Tasks of HARDI from Ternary Quartics.,False,False,False,False,False,False,False,False,False,False,False,False,False,False,False,False,False,False,False,False
430,Unsupervised Diffeomorphic Surface Registration and Non-linear Modelling.,False,False,False,False,False,False,False,False,False,False,False,False,False,False,False,False,False,False,False,False
440,On Describing Human White Matter Anatomy: The White Matter Query Language.,False,False,False,False,False,False,False,False,False,False,False,False,False,False,False,False,False,False,False,False
450,Unsupervised Standard Plane Synthesis in Population Cine MRI via Cycle-Consistent Adversarial Networks.,False,False,False,False,False,False,False,False,False,False,False,False,False,False,False,False,False,False,False,False
460,Functionally Driven Brain Networks Using Multi-layer Graph Clustering.,False,False,False,False,False,False,False,False,False,False,False,False,False,False,False,False,False,False,False,False
470,Towards Holistic Surgical Scene Understanding.,False,False,False,False,False,False,False,False,False,False,False,False,False,False,False,False,False,False,False,False
480,Learning Personal Representations from fMRI by Predicting Neurofeedback Performance.,False,False,False,False,False,False,False,False,False,False,False,False,False,False,False,False,False,False,False,False
490,Automated Separation of Binary Overlapping Trees in Low-Contrast Color Retinal Images.,False,False,False,False,False,False,False,False,False,False,False,False,False,False,False,False,False,False,False,False
500,What Can We Learn About a Generated Image Corrupting Its Latent Representation?.,False,False,False,False,False,False,False,False,False,False,False,False,False,False,False,False,False,False,False,False
510,Simultaneous Denoising and Registration for Accurate Cardiac Diffusion Tensor Reconstruction from MRI.,False,False,False,False,False,False,False,False,False,False,False,False,False,False,False,False,False,False,False,False
520,Deep Probabilistic Modeling of Glioma Growth.,False,False,False,False,False,False,False,False,False,False,False,False,False,False,False,False,False,False,False,False
530,NVUM: Non-volatile Unbiased Memory for Robust Medical Image Classification.,False,False,False,False,False,False,False,False,False,False,False,False,True,False,False,False,False,False,False,False
540,BiX-NAS: Searching Efficient Bi-directional Architecture for Medical Image Segmentation.,False,False,False,False,False,False,False,False,False,False,False,False,False,False,False,False,False,False,False,False
550,A Structural Causal Model for MR Images of Multiple Sclerosis.,False,False,False,False,False,False,False,False,False,False,False,False,False,False,False,False,False,False,False,False
560,Surgical-VQA: Visual Question Answering in Surgical Scenes Using Transformer.,False,False,False,False,False,False,False,False,False,False,False,False,False,False,False,False,False,False,False,False
570,A Convolutional Approach to Vertebrae Detection and Labelling in Whole Spine MRI.,False,False,False,False,False,False,False,False,False,False,False,False,False,False,False,False,False,False,False,False
580,Online Atlasing Using an Iterative Centroid.,False,False,False,False,False,False,False,False,False,False,False,False,False,False,False,False,False,False,False,False
590,Surface Vision Transformers: Attention-Based Modelling applied to Cortical Analysis.,False,False,False,False,False,False,False,False,False,False,False,False,False,False,False,False,False,False,False,False
600,S5CL: Unifying Fully-Supervised Self-supervised and Semi-supervised Learning Through Hierarchical Contrastive Learning.,False,False,False,False,False,False,False,False,False,False,False,False,False,False,False,False,False,False,False,False
610,Adversarial Deformation Regularization for Training Image Registration Neural Networks.,False,False,False,False,False,False,False,False,False,False,False,False,False,False,False,False,False,False,False,False
620,Multiple Instance Learning with Auxiliary Task Weighting for Multiple Myeloma Classification.,False,False,False,False,False,False,False,False,False,False,False,False,False,False,False,False,False,False,False,False
630,Dual Adaptive Pyramid Network for Cross-Stain Histopathology Image Segmentation.,False,False,False,False,False,False,False,False,False,False,False,False,False,False,False,False,False,False,False,False
640,Self-supervised Generative Adversarial Network for Depth Estimation in Laparoscopic Images.,False,False,False,False,False,False,False,False,False,False,False,False,False,False,False,False,False,False,False,False
650,Multi-modal Measurement of the Myelin-to-Axon Diameter g-ratio in Preterm-born Neonates and Adult Controls.,False,False,False,False,False,False,False,False,False,False,False,False,False,False,False,False,False,False,False,False
660,Deep Motion Network for Freehand 3D Ultrasound Reconstruction.,False,False,False,False,False,False,False,False,False,False,False,False,False,False,False,False,False,False,False,False
670,Are Registration Uncertainty and Error Monotonically Associated?.,False,False,False,False,False,False,False,False,False,False,False,False,False,False,False,False,False,False,False,False
680,Asymmetric 3D Context Fusion for Universal Lesion Detection.,False,False,False,False,False,False,False,False,False,False,False,False,False,False,False,False,False,False,False,False
690,Scalable Joint Detection and Segmentation of Surgical Instruments with Weak Supervision.,False,False,False,False,False,False,False,False,False,False,False,False,False,False,False,False,False,False,False,False
700,Quantification of Metabolites in Magnetic Resonance Spectroscopic Imaging Using Machine Learning.,False,False,False,False,False,False,False,False,False,False,False,False,False,False,False,False,False,False,False,False
710,Supervised Uncertainty Quantification for Segmentation with Multiple Annotations.,False,False,False,False,False,False,False,True,False,False,False,False,False,False,False,False,False,False,False,False
720,Semi-Supervised and Active Learning for Automatic Segmentation of Crohn’s Disease.,False,False,False,False,False,False,False,False,False,False,False,False,False,False,False,False,False,False,False,False
730,Retrieval of Surgical Phase Transitions Using Reinforcement Learning.,False,False,False,False,False,False,False,False,False,False,False,False,False,False,False,False,False,False,False,False
740,Perceptual Embedding Consistency for Seamless Reconstruction of Tilewise Style Transfer.,False,False,False,False,False,False,False,False,False,False,False,False,False,False,False,False,False,False,False,False
750,A 3D Primary Vessel Reconstruction Framework with Serial Microscopy Images.,False,False,False,False,False,False,False,False,False,False,False,False,False,False,False,False,False,False,False,False
760,Memory-efficient Segmentation of High-resolution Volumetric MicroCT Images.,False,False,False,False,False,False,False,False,False,False,False,False,False,False,False,False,False,False,False,False
770,Improved model-based deep learning for quantitative susceptibility mapping.,False,False,False,False,False,False,False,False,False,False,False,False,False,False,False,False,False,False,False,False
780,Higher Order of Motion Magnification for Vessel Localisation in Surgical Video.,False,False,False,False,False,False,False,False,False,False,False,False,False,False,False,False,False,False,False,False
790,3D Deep Learning for Multi-modal Imaging-Guided Survival Time Prediction of Brain Tumor Patients.,False,False,False,False,False,False,False,False,False,False,False,False,False,False,False,False,False,False,False,False
800,Cone-Beam Computed Tomography (CBCT) Segmentation by Adversarial Learning Domain Adaptation.,False,False,False,False,False,False,False,False,False,False,False,False,False,False,False,False,False,False,False,False
810,Automatic Plane Adjustment of Orthopedic Intraoperative Flat Panel Detector CT-Volumes.,False,False,False,False,False,False,False,False,False,False,False,False,False,False,False,False,False,False,False,False
820,Distance Metric Learning Using Graph Convolutional Networks: Application to Functional Brain Networks.,False,False,False,False,False,False,False,False,False,False,False,False,False,False,False,False,False,False,False,False
830,A Multiscale Cardiac Model for Fast Personalisation and Exploitation.,False,False,False,False,False,False,False,False,False,False,False,False,False,False,False,False,False,False,False,False
840,Patch-Wise Deep Metric Learning for Unsupervised Low-Dose CT Denoising.,False,False,False,False,False,False,False,False,False,False,False,False,False,False,False,False,False,False,False,False
850,Towards an Efficient Computational Framework for Guiding Surgical Resection through Intra-operative Endo-microscopic Pathology.,False,False,False,False,False,False,False,False,False,False,False,False,False,False,False,False,False,False,False,False
860,Characterization of Tissue Histopathology via Predictive Sparse Decomposition and Spatial Pyramid Matching.,False,False,False,False,False,False,False,False,False,False,False,False,False,False,False,False,False,False,False,False
870,A 2D-3D Registration Framework for Freehand TRUS-Guided Prostate Biopsy.,False,False,False,False,False,False,False,False,False,False,False,False,False,False,False,False,False,False,False,False
880,Deep Fiber Clustering: Anatomically Informed Unsupervised Deep Learning for Fast and Effective White Matter Parcellation.,False,False,False,False,False,False,False,False,False,False,False,False,False,False,False,False,False,False,False,False
890,Surgical Skill Assessment on In-Vivo Clinical Data via the Clearness of Operating Field.,False,False,False,False,False,False,False,False,False,False,False,False,False,False,False,False,False,False,False,False
900,Accurate Weakly-Supervised Deep Lesion Segmentation Using Large-Scale Clinical Annotations: Slice-Propagated 3D Mask Generation from 2D RECIST.,False,False,False,False,False,False,False,False,False,False,False,False,False,False,False,False,False,False,False,False
910,Temporal Feature Fusion with Sampling Pattern Optimization for Multi-echo Gradient Echo Acquisition and Image Reconstruction.,False,False,False,False,False,False,False,False,False,False,False,False,False,False,False,False,False,False,False,False
920,EchoCoTr: Estimation of the Left Ventricular Ejection Fraction from Spatiotemporal Echocardiography.,False,False,False,False,False,False,False,False,False,False,False,False,False,False,False,False,False,False,False,False
930,Predicting COVID-19 Lung Infiltrate Progression on Chest Radiographs Using Spatio-temporal LSTM based Encoder-Decoder Network.,False,False,False,False,False,False,False,False,False,False,False,False,False,False,False,False,False,False,False,False
940,Structure-Consistent Restoration Network for Cataract Fundus Image Enhancement.,False,False,False,False,False,False,False,False,False,False,False,False,False,False,False,False,False,False,False,False
950,Region Proposal Rectification Towards Robust Instance Segmentation of Biological Images.,False,False,False,False,False,False,False,False,False,False,False,False,False,False,False,False,False,False,False,False
960,Interpretable Graph Neural Networks for Connectome-Based Brain Disorder Analysis.,False,False,False,False,False,False,False,False,False,False,False,False,False,False,False,False,False,False,False,False
970,Personalized Retrogress-Resilient Framework for Real-World Medical Federated Learning.,False,False,False,False,False,False,False,False,False,False,False,False,False,False,False,False,False,False,False,False
980,PFA-ScanNet: Pyramidal Feature Aggregation with Synergistic Learning for Breast Cancer Metastasis Analysis.,False,False,False,False,False,False,False,False,False,False,False,False,False,False,False,False,False,False,False,False
990,SIMBA: Specific Identity Markers for Bone Age Assessment.,False,False,False,False,False,False,False,False,False,False,False,False,False,False,False,False,False,False,False,False
1000,Accurate and Robust Lesion RECIST Diameter Prediction and Segmentation with Transformers.,False,False,False,False,False,False,False,False,False,False,False,False,False,False,False,False,False,False,False,False
1010,Transformer-based out-of-distribution detection for clinically safe segmentation.,False,False,False,False,False,False,False,False,False,False,False,False,False,False,False,False,False,False,False,False
1020,Regularized Spherical Polar Fourier Diffusion MRI with Optimal Dictionary Learning.,False,False,False,False,False,False,False,False,False,False,False,False,False,False,False,False,False,False,False,False
1030,Federated Whole Prostate Segmentation in MRI with Personalized Neural Architectures.,False,False,False,False,False,False,False,False,False,False,False,False,False,False,False,False,False,False,False,False
1040,Learning Motion Flows for Semi-supervised Instrument Segmentation from Robotic Surgical Video.,False,False,False,False,False,False,False,False,False,False,False,False,False,False,False,False,False,False,False,False
1050,Tubular Structure Segmentation Using Spatial Fully Connected Network with Radial Distance Loss for 3D Medical Images.,False,False,False,False,False,False,False,False,False,False,False,False,False,False,False,False,False,False,False,False
1060,Keypoints Localization for Joint Vertebra Detection and Fracture Severity Quantification.,False,False,False,False,False,False,False,False,False,False,False,False,False,False,False,False,False,False,False,False
1070,Multi-scale Heat Kernel Based Volumetric Morphology Signature.,False,False,False,False,False,False,False,False,False,False,False,False,False,False,False,False,False,False,False,False
1080,Analytic Quantification of Bias and Variance of Coil Sensitivity Profile Estimators for Improved Image Reconstruction in MRI.,False,False,False,False,False,False,False,False,False,False,False,False,False,False,False,False,False,False,False,False
1090,Deep Learning Based Registration Using Spatial Gradients and Noisy Segmentation Labels.,False,False,False,False,False,False,False,False,False,False,False,False,False,False,False,False,False,False,False,False
1100,Learning without Labeling: Domain Adaptation for Ultrasound Transducer Localization.,False,False,False,False,False,False,False,False,False,False,False,False,False,False,False,False,False,False,False,False
1110,An Attention-Guided Deep Regression Model for Landmark Detection in Cephalograms.,False,False,False,False,False,False,False,False,False,False,False,False,False,False,False,False,False,False,False,False
1120,Gray Matter Surface Based Spatial Statistics (GS-BSS) in Diffusion Microstructure.,False,False,False,False,False,False,False,False,False,False,False,False,False,False,False,False,False,False,False,False
1130,Learning to Avoid Poor Images: Towards Task-aware C-arm Cone-beam CT Trajectories.,False,False,False,False,False,False,False,False,False,False,False,False,False,False,False,False,False,False,False,False
1140,Joint Reconstruction and Segmentation of 7T-like MR Images from 3T MRI Based on Cascaded Convolutional Neural Networks.,False,False,False,False,False,False,False,False,False,False,False,False,False,False,False,False,False,False,False,False
1150,Estimation of a Multi-fascicle Model from Single B-Value Data with a Population-Informed Prior.,False,False,False,False,False,False,False,False,False,False,False,False,False,False,False,False,False,False,False,False
1160,Boosting Hand-Crafted Features for Curvilinear Structure Segmentation by Learning Context Filters.,False,False,False,False,False,False,False,False,False,False,False,False,False,False,False,False,False,False,False,False
1170,Inferring the 3D Standing Spine Posture from 2D Radiographs.,False,False,False,False,False,False,False,False,False,False,False,False,False,False,False,False,False,False,False,False
1180,Decision Support for Intoxication Prediction Using Graph Convolutional Networks.,False,False,False,False,False,False,False,False,False,False,False,False,False,False,False,False,False,False,False,False
1190,Weakly Supervised Representation Learning for Endomicroscopy Image Analysis.,False,False,False,False,False,False,False,False,False,False,False,False,False,False,False,False,False,False,False,False
1200,Learning Hybrid Representations for Automatic 3D Vessel Centerline Extraction.,False,False,False,False,False,False,False,False,False,False,False,False,False,False,False,False,False,False,False,False
1210,Estimating Model Performance Under Domain Shifts with Class-Specific Confidence Scores.,False,False,False,False,False,False,False,False,False,False,False,False,False,False,False,False,False,False,False,False
1220,Tissue-Specific Sparse Deconvolution for Low-Dose CT Perfusion.,False,False,False,False,False,False,False,False,False,False,False,False,False,False,False,False,False,False,False,False
1230,Genus-One Surface Registration via Teichmüller Extremal Mapping.,False,False,False,False,False,False,False,False,False,False,False,False,False,False,False,False,False,False,False,False
1240,Stochastic Deep Compressive Sensing for the Reconstruction of Diffusion Tensor Cardiac MRI.,False,False,False,False,False,False,False,False,False,False,False,False,False,False,False,False,False,False,False,False
1250,Joint Segmentation of 3D Femoral Lumen and Outer Wall Surfaces from MR Images.,False,False,False,False,False,False,False,False,False,False,False,False,False,False,False,False,False,False,False,False
1260,Multi-phase Liver Tumor Segmentation with Spatial Aggregation and Uncertain Region Inpainting.,False,False,False,False,False,False,False,False,False,False,False,False,False,False,False,False,False,False,False,False
1270,Weakly Supervised Volumetric Segmentation via Self-taught Shape Denoising Model.,False,False,False,False,False,False,False,False,False,False,False,False,False,False,False,False,False,False,False,False
1280,Automated Classification of General Movements in Infants Using Two-Stream Spatiotemporal Fusion Network.,False,False,False,False,False,False,False,False,False,False,False,False,False,False,False,False,False,False,False,False
1290,Super-Resolution Reconstruction Using Cross-Scale Self-similarity in Multi-slice MRI.,False,False,False,False,False,False,False,False,False,False,False,False,False,False,False,False,False,False,False,False
1300,More Knowledge Is Better: Cross-Modality Volume Completion and 3D+2D Segmentation for Intracardiac Echocardiography Contouring.,False,False,False,False,False,False,False,False,False,False,False,False,False,False,False,False,False,False,False,False
1310,Deep Laparoscopic Stereo Matching with Transformers.,False,False,False,False,False,False,False,False,False,False,False,False,False,False,False,False,False,False,False,False
1320,Erratum: Evaluating Structural Symmetry of Weighted Brain Networks via Graph Matching.,False,False,False,False,False,False,False,False,False,False,False,False,False,False,False,False,False,False,False,False
1330,Refined Segmentation R-CNN: A Two-Stage Convolutional Neural Network for Punctate White Matter Lesion Segmentation in Preterm Infants.,False,False,False,False,False,False,False,False,False,False,False,False,False,False,False,False,False,False,False,False
1340,Deformer: Towards Displacement Field Learning for Unsupervised Medical Image Registration.,False,False,False,False,False,False,False,False,False,False,False,False,False,False,False,False,False,False,False,False
1350,Automatic Localization of Cochlear Implant Electrodes in CT.,False,False,False,False,False,False,False,False,False,False,False,False,False,False,False,False,False,False,False,False
1360,Stability-Weighted Matrix Completion of Incomplete Multi-modal Data for Disease Diagnosis.,False,False,False,False,False,False,False,False,False,False,False,False,False,False,False,False,False,False,False,False
1370,Attention-Based Multi-scale Gated Recurrent Encoder with Novel Correlation Loss for COVID-19 Progression Prediction.,False,False,False,False,False,False,False,False,False,False,False,False,False,False,False,False,False,False,False,False
1380,Weakly-supervised High-resolution Segmentation of Mammography Images for Breast Cancer Diagnosis.,False,False,False,False,False,False,False,False,False,False,False,False,False,False,False,False,False,False,False,False
1390,Mitosis Detection in Breast Cancer Histology Images with Deep Neural Networks.,False,False,False,False,False,False,False,False,False,False,False,False,False,False,False,False,False,False,False,False
1400,A Novel Loss Function Incorporating Imaging Acquisition Physics for PET Attenuation Map Generation Using Deep Learning.,False,False,False,False,False,False,False,False,False,False,False,False,False,False,False,False,False,False,False,False
1410,Variational AutoEncoder for Regression: Application to Brain Aging Analysis.,False,False,False,False,False,False,False,False,False,False,False,False,False,False,False,False,False,False,False,False
1420,Identifying and Combating Bias in Segmentation Networks by Leveraging Multiple Resolutions.,False,False,False,False,False,False,False,False,False,False,False,False,False,False,False,False,False,False,False,False
1430,Automatic 3D Cardiovascular MR Segmentation with Densely-Connected Volumetric ConvNets.,False,False,False,False,False,False,False,False,False,False,False,False,False,False,False,False,False,False,False,False
1440,Error Corrective Boosting for Learning Fully Convolutional Networks with Limited Data.,False,False,False,False,False,False,False,False,False,False,False,False,False,False,False,False,False,False,False,False
1450,Fast Sequence Adaptive Parcellation of Brain MR Using Parametric Models.,False,False,False,False,False,False,False,False,False,False,False,False,False,False,False,False,False,False,False,False
1460,MAC-ReconNet: A Multiple Acquisition Context based Convolutional Neural Network for MR Image Reconstruction using Dynamic Weight Prediction.,False,False,False,False,False,False,False,False,False,False,False,False,False,False,False,False,False,False,False,False
1470,A Cautionary Analysis of STAPLE Using Direct Inference of Segmentation Truth.,False,False,False,False,False,False,False,False,False,False,False,False,False,False,False,False,False,False,False,False
1480,Patient-Specific Conditional Joint Models of Shape Image Features and Clinical Indicators.,False,False,False,False,False,False,False,False,False,False,False,False,False,False,False,False,False,False,False,False
1490,MetaPhys.,False,False,False,False,False,False,False,False,False,False,False,False,False,False,False,False,False,False,False,False
1500,Semi-supervised Left Atrium Segmentation with Mutual Consistency Training.,False,False,False,False,False,False,False,False,False,False,False,False,False,False,False,False,False,False,False,False
1510,Suggestive Annotation: A Deep Active Learning Framework for Biomedical Image Segmentation.,False,False,False,False,False,False,False,False,False,False,False,False,False,False,False,False,False,False,False,False
1520,Quantifying the Value of Lateral Views in Deep Learning for Chest X-rays.,False,False,False,False,False,False,False,False,False,False,False,False,True,False,False,False,False,False,False,False
1530,Renal Cell Carcinoma Detection and Subtyping with Minimal Point-Based Annotation in Whole-Slide Images.,False,False,False,False,False,False,False,False,False,False,False,False,False,False,False,False,False,False,False,False
1540,Myocardial Infarct Segmentation and Reconstruction from 2D Late-Gadolinium Enhanced Magnetic Resonance Images.,False,False,False,False,False,False,False,False,False,False,False,False,False,False,False,False,False,False,False,False
1550,Scalable Axiomatic Explanations of Deep Alzheimer’s Diagnosis from Heterogeneous Data.,False,False,False,False,False,False,False,False,False,False,False,False,False,False,False,False,False,False,False,False
1560,Scale-Equivariant Unrolled Neural Networks for Data-Efficient Accelerated MRI Reconstruction.,False,False,False,False,False,False,False,False,False,False,False,False,False,False,False,False,False,False,False,False
1570,Image Synthesis with a Convolutional Capsule Generative Adversarial Network.,False,False,False,False,False,False,False,False,False,False,False,False,False,False,False,False,False,False,False,False
1580,Needle Guidance Using Handheld Stereo Vision and Projection for Ultrasound-Based Interventions.,False,False,False,False,False,False,False,False,False,False,False,False,False,False,False,False,False,False,False,False
1590,Bayesian Active Questionnaire Design for Cause-of-Death Assignment Using Verbal Autopsies.,False,False,False,False,False,False,False,False,False,False,False,False,False,False,False,False,False,False,False,False
1600,SurgeonAssist-Net: Towards Context-Aware Head-Mounted Display-Based Augmented Reality for Surgical Guidance.,False,False,False,False,False,False,False,False,False,False,False,False,False,False,False,False,False,False,False,False
1610,A Principled Approach to Failure Analysis and Model Repairment: Demonstration in Medical Imaging.,False,False,False,False,False,False,False,False,False,False,False,False,False,False,False,False,False,False,False,False
1620,Pulse Sequence Resilient Fast Brain Segmentation.,False,False,False,False,False,False,False,False,False,False,False,False,False,False,False,False,False,False,False,False
1630,Pancreas Segmentation in MRI Using Graph-Based Decision Fusion on Convolutional Neural Networks.,False,False,False,False,False,False,False,False,False,False,False,False,False,False,False,False,False,False,False,False
1640,Automatic Detection of Multiple and Overlapping EP Catheters in Fluoroscopic Sequences.,False,False,False,False,False,False,False,False,False,False,False,False,False,False,False,False,False,False,False,False
1650,Corpus Callosum Segmentation in MS Studies Using Normal Atlases and Optimal Hybridization of Extrinsic and Intrinsic Image Cues.,False,False,False,False,False,False,False,False,False,False,False,False,False,False,False,False,False,False,False,False
1660,Foundation Ark: Accruing and Reusing Knowledge for Superior and Robust Performance.,False,False,False,False,False,False,False,False,False,False,False,False,False,True,True,False,False,False,False,False
1670,Image-Level Harmonization of Multi-site Data Using Image-and-Spatial Transformer Networks.,False,False,False,False,False,False,False,False,False,False,False,False,False,False,False,False,False,False,False,False
1680,Analysis of Trabecular Bone Microstructure Using Contour Tree Connectivity.,False,False,False,False,False,False,False,False,False,False,False,False,False,False,False,False,False,False,False,False
1690,ReMix: A General and Efficient Framework for Multiple Instance Learning Based Whole Slide Image Classification.,False,False,False,False,False,False,False,False,False,False,False,False,False,False,False,False,False,False,False,False
1700,Joint Intensity Inhomogeneity Correction for Whole-Body MR Data.,False,False,False,False,False,False,False,False,False,False,False,False,False,False,False,False,False,False,False,False
1710,A New Sparse Simplex Model for Brain Anatomical and Genetic Network Analysis.,False,False,False,False,False,False,False,False,False,False,False,False,False,False,False,False,False,False,False,False
1720,Physiological Parameter Estimation from Multispectral Images Unleashed.,False,False,False,False,False,False,False,False,False,False,False,False,False,False,False,False,False,False,False,False
1730,Comparing to Learn: Surpassing ImageNet Pretraining on Radiographs by Comparing Image Representations.,False,False,False,False,False,False,False,False,False,False,False,False,False,False,False,False,False,False,False,False
1740,SLSDeep: Skin Lesion Segmentation Based on Dilated Residual and Pyramid Pooling Networks.,False,False,False,False,False,False,False,False,False,False,False,False,False,False,False,False,False,False,False,False
1750,Unsupervised Feature Learning for Endomicroscopy Image Retrieval.,False,False,False,False,False,False,False,False,False,False,False,False,False,False,False,False,False,False,False,False
1760,Towards Robust General Medical Image Segmentation.,False,False,False,False,False,False,False,False,False,False,False,False,False,False,False,False,False,False,False,False
1770,Heterogeneity Wavelet Kinetics from DCE-MRI for Classifying Gene Expression Based Breast Cancer Recurrence Risk.,False,False,False,False,False,False,False,False,False,False,False,False,False,False,False,False,False,False,False,False
1780,A Landmark-Based Approach for Robust Estimation of Exposure Index Values in Digital Radiography.,False,False,False,False,False,False,False,False,False,False,False,False,False,False,False,False,False,False,False,False
1790,Non-rigid Deformation Pipeline for Compensation of Superficial Brain Shift.,False,False,False,False,False,False,False,False,False,False,False,False,False,False,False,False,False,False,False,False
1800,Detecting Epileptic Regions Based on Global Brain Connectivity Patterns.,False,False,False,False,False,False,False,False,False,False,False,False,False,False,False,False,False,False,False,False
1810,On the Applicability of Registration Uncertainty.,False,False,False,False,False,False,False,False,False,False,False,False,False,False,False,False,False,False,False,False
1820,A Compact Retinal-Surgery Telemanipulator that Uses Disposable Instruments.,False,False,False,False,False,False,False,False,False,False,False,False,False,False,False,False,False,False,False,False
1830,Fiber Connection Pattern-Guided Structured Sparse Representation of Whole-Brain fMRI Signals for Functional Network Inference.,False,False,False,False,False,False,False,False,False,False,False,False,False,False,False,False,False,False,False,False
1840,Personalized Pancreatic Tumor Growth Prediction via Group Learning.,False,False,False,False,False,False,False,False,False,False,False,False,False,False,False,False,False,False,False,False
1850,Well-Calibrated Regression Uncertainty in Medical Imaging with Deep Learning.,False,False,False,False,False,False,False,False,False,False,False,False,False,False,False,False,False,False,False,False
1860,Learning-Based Ensemble Average Propagator Estimation.,False,False,False,False,False,False,False,False,False,False,False,False,False,False,False,False,False,False,False,False
1870,A Partially Reversible U-Net for Memory-Efficient Volumetric Image Segmentation.,False,False,False,False,False,True,False,False,False,False,False,False,False,False,False,False,False,False,False,False
1880,Robust Intraoperative US Probe Tracking Using a Monocular Endoscopic Camera.,False,False,False,False,False,False,False,False,False,False,False,False,False,False,False,False,False,False,False,False
1890,SRDA: Mobile Sensing based Fluid Overload Detection for End Stage Kidney Disease Patients using Sensor Relation Dual Autoencoder.,False,False,False,False,False,False,False,False,False,False,False,False,False,False,False,False,False,False,False,False
1900,Myocardial Motion Estimation Combining Tissue Doppler and B-mode Echocardiographic Images.,False,False,False,False,False,False,False,False,False,False,False,False,False,False,False,False,False,False,False,False
1910,Recurrent Multigraph Integrator Network for Predicting the Evolution of Population-Driven Brain Connectivity Templates.,False,False,False,False,False,False,False,False,False,False,False,False,False,False,False,False,False,False,False,False
1920,Encoding Metal Mask Projection for Metal Artifact Reduction in Computed Tomography.,False,False,False,False,False,False,False,False,False,False,False,False,False,False,False,False,False,False,False,False
1930,Modeling the Variability in Brain Morphology and Lesion Distribution in Multiple Sclerosis by Deep Learning.,False,False,False,False,False,False,False,False,False,False,False,False,False,False,False,False,False,False,False,False
1940,Adaptation of Surgical Activity Recognition Models Across Operating Rooms.,False,False,False,False,False,False,False,False,False,False,False,False,False,False,False,False,False,False,False,False
1950,Standard Plane Detection in 3D Fetal Ultrasound Using an Iterative Transformation Network.,False,False,False,False,False,False,False,False,False,False,False,False,False,False,False,False,False,False,False,False
1960,Robust Transmural Electrophysiological Imaging: Integrating Sparse and Dynamic Physiological Models into ECG-Based Inference.,False,False,False,False,False,False,False,False,False,False,False,False,False,False,False,False,False,False,False,False
1970,Separation of Benign and Malignant Glands in Prostatic Adenocarcinoma.,False,False,False,False,False,False,False,False,False,False,False,False,False,False,False,False,False,False,False,False
1980,Statistical Framework for the Definition of Emphysema in CT Scans: Beyond Density Mask.,False,False,False,False,False,False,False,False,False,False,False,False,False,False,False,False,False,False,False,False
1990,Dynamic Pacemaker Artifact Removal (DyPAR) from CT Data using CNNs.,False,False,False,False,False,False,False,False,False,False,False,False,False,False,False,False,False,False,False,False
2000,An Analysis by Synthesis Method that Allows Accurate Spatial Modeling of Thickness of Cortical Bone from Clinical QCT.,False,False,False,False,False,False,False,False,False,False,False,False,False,False,False,False,False,False,False,False
2010,Diagnosis of Alzheimer’s Disease Using View-Aligned Hypergraph Learning with Incomplete Multi-modality Data.,False,False,False,False,False,False,False,False,False,False,False,False,False,False,False,False,False,False,False,False
2020,Learning joint lesion and tissue segmentation from task-specific hetero-modal datasets.,False,False,False,False,False,False,False,False,False,False,False,False,False,False,False,False,False,False,False,False
2030,Automatic Segmentation of Vestibular Schwannoma from T2-Weighted MRI by Deep Spatial Attention with Hardness-Weighted Loss.,False,False,False,False,False,False,False,False,False,False,False,False,False,False,False,False,False,False,False,False
2040,Weakly Supervised Volumetric Image Segmentation with Deformed Templates.,False,False,False,False,False,False,False,False,False,False,False,False,False,False,False,False,False,False,False,False
2050,Exclusive Independent Probability Estimation using Deep 3D Fully Convolutional DenseNets: Application to IsoIntense Infant Brain MRI Segmentation.,False,False,False,False,False,False,False,False,False,False,False,False,False,False,False,False,False,False,False,False
2060,Deformable Atlas for Multi-structure Segmentation.,False,False,False,False,False,False,False,False,False,False,False,False,False,False,False,False,False,False,False,False
2070,Cardiac Segmentation from LGE MRI Using Deep Neural Network Incorporating Shape and Spatial Priors.,False,False,False,False,False,False,False,False,False,False,False,False,False,False,False,False,False,False,False,False
2080,A Generalised Spatio-Temporal Registration Framework for Dynamic PET Data: Application to Neuroreceptor Imaging.,False,False,False,False,False,False,False,False,False,False,False,False,False,False,False,False,False,False,False,False
2090,Neuron Segmentation Using Deep Complete Bipartite Networks.,False,False,False,False,False,False,False,False,False,False,False,False,False,False,False,False,False,False,False,False
2100,Lymph Node Gross Tumor Volume Detection in Oncology Imaging via Relationship Learning Using Graph Neural Network.,False,False,False,False,False,False,False,False,False,False,False,False,False,False,False,False,False,False,False,False
2110,X-Net: Brain Stroke Lesion Segmentation Based on Depthwise Separable Convolution and Long-Range Dependencies.,False,False,False,False,False,False,False,False,False,False,False,False,False,False,False,False,False,False,False,False
2120,Orientation-Sensitive Overlap Measures for the Validation of Medical Image Segmentations.,False,False,False,False,False,False,False,False,False,False,False,False,False,False,False,False,False,False,False,False
2130,Synaptic Partner Prediction from Point Annotations in Insect Brains.,False,False,False,False,False,False,False,False,False,False,False,False,False,False,False,False,False,False,False,False
2140,Learning to Segment When Experts Disagree.,False,False,False,False,False,False,False,False,False,False,False,False,False,False,False,False,False,False,False,False
2150,Automated Surgical Activity Recognition with One Labeled Sequence.,False,False,False,False,False,False,False,False,False,False,False,False,False,False,False,False,False,False,False,False
2160,Quasi-automatic Colon Segmentation on T2-MRI Images with Low User Effort.,False,False,False,False,False,False,False,False,False,False,False,False,False,False,False,False,False,False,False,False
2170,Efficient Stereo Image Geometrical Reconstruction at Arbitrary Camera Settings from a Single Calibration.,False,False,False,False,False,False,False,False,False,False,False,False,False,False,False,False,False,False,False,False
2180,Exploring Smoothness and Class-Separation for Semi-supervised Medical Image Segmentation.,True,False,False,False,False,False,False,False,False,False,False,False,False,False,False,False,False,False,False,False
2190,Implicit Neural Representations for Generative Modeling of Living Cell Shapes.,False,False,False,False,False,False,False,False,False,False,False,False,False,False,False,False,False,False,False,False
2200,Unsupervised Nuclei Segmentation Using Spatial Organization Priors.,False,False,False,False,False,False,False,False,False,False,False,False,False,False,False,False,False,False,False,False
2210,T-DPSOM.,False,False,False,False,False,False,False,False,False,False,False,False,False,False,False,False,False,False,False,False
2220,BUNET: Blind Medical Image Segmentation Based on Secure UNET.,False,False,False,False,False,False,False,False,False,False,False,False,False,False,False,False,False,False,False,False
2230,Semi-supervised Learning for Segmentation Under Semantic Constraint.,False,False,False,False,False,False,False,False,False,False,False,False,False,False,False,False,False,False,False,False
2240,Weakly Supervised Pan-Cancer Segmentation Tool.,False,False,False,False,False,False,False,False,False,False,False,False,False,False,False,False,False,False,False,False
2250,Self Context and Shape Prior for Sensorless Freehand 3D Ultrasound Reconstruction.,False,False,False,False,False,False,False,False,False,False,False,False,False,False,False,False,False,False,False,False
2260,MAGIC: Multi-scale Heterogeneity Analysis and Clustering for Brain Diseases.,False,False,False,False,False,False,False,False,False,False,False,False,False,False,False,False,False,False,False,False
2270,Predictive Modeling of Anatomy with Genetic and Clinical Data.,False,False,False,False,False,False,False,False,False,False,False,False,False,False,False,False,False,False,False,False
2280,Studying Cerebral Vasculature Using Structure Proximity and Graph Kernels.,False,False,False,False,False,False,False,False,False,False,False,False,False,False,False,False,False,False,False,False
2290,Integrating Cross-modality Hallucinated MRI with CT to Aid Mediastinal Lung Tumor Segmentation.,False,False,False,False,False,False,False,False,False,False,False,False,False,False,False,False,False,False,False,False
2300,ECONet: Efficient Convolutional Online Likelihood Network for Scribble-based Interactive Segmentation.,False,False,False,False,False,False,False,False,False,False,False,False,False,False,False,False,False,False,False,False
2310,Single-Subject Structural Networks with Closed-Form Rotation Invariant Matching Improve Power in Developmental Studies of the Cortex.,False,False,False,False,False,False,False,False,False,False,False,False,False,False,False,False,False,False,False,False
2320,Sample Hardness Based Gradient Loss for Long-Tailed Cervical Cell Detection.,False,False,False,False,False,False,False,False,False,False,False,False,False,False,False,False,False,False,False,False
2330,Discriminative Feature Selection for Multiple Ocular Diseases Classification by Sparse Induced Graph Regularized Group Lasso.,False,False,False,False,False,False,False,False,False,False,False,False,False,False,False,False,False,False,False,False
2340,2.5D Thermometry Maps for MRI-Guided Tumor Ablation.,False,False,False,False,False,False,False,False,False,False,False,False,False,False,False,False,False,False,False,False
2350,Semi-supervised Meta-learning with Disentanglement for Domain-Generalised Medical Image Segmentation.,False,False,False,False,False,False,False,False,False,False,False,False,False,False,False,False,False,False,False,False
2360,A Hybrid Multishape Learning Framework for Longitudinal Prediction of Cortical Surfaces and Fiber Tracts Using Neonatal Data.,False,False,False,False,False,False,False,False,False,False,False,False,False,False,False,False,False,False,False,False
2370,Annotation-Free Cardiac Vessel Segmentation via Knowledge Transfer from Retinal Images.,False,False,False,False,False,False,False,False,False,False,False,False,False,False,False,False,False,False,False,False
2380,Fusing Correspondenceless 3D Point Distribution Models.,False,False,False,False,False,False,False,False,False,False,False,False,False,False,False,False,False,False,False,False
2390,A Latent Source Model for Patch-Based Image Segmentation.,False,False,False,False,False,False,False,False,False,False,False,False,False,False,False,False,False,False,False,False
2400,Entropy Guided Unsupervised Domain Adaptation for Cross-Center Hip Cartilage Segmentation from MRI.,False,False,False,False,False,False,False,False,False,False,False,False,False,False,False,False,False,False,False,False
2410,PTGB: Pre-Train Graph Neural Networks for Brain Network Analysis.,False,False,False,False,False,False,False,False,False,False,False,False,False,False,False,False,False,False,False,False
2420,Motion-Compensated Autonomous Scanning for Tumour Localisation Using Intraoperative Ultrasound.,False,False,False,False,False,False,False,False,False,False,False,False,False,False,False,False,False,False,False,False
2430,Short Acquisition Time PET Quantification Using MRI-Based Pharmacokinetic Parameter Synthesis.,False,False,False,False,False,False,False,False,False,False,False,False,False,False,False,False,False,False,False,False
2440,Persistent Homological Sparse Network Approach to Detecting White Matter Abnormality in Maltreated Children: MRI and DTI Multimodal Study.,False,False,False,False,False,False,False,False,False,False,False,False,False,False,False,False,False,False,False,False
2450,Understanding Alzheimer disease’s structural connectivity through explainable AI.,False,False,False,False,False,False,False,False,False,False,False,False,False,False,False,False,False,False,False,False
2460,Revealing Regional Associations of Cortical Folding Alterations with In Utero Ventricular Dilation Using Joint Spectral Embedding.,False,False,False,False,False,False,False,False,False,False,False,False,False,False,False,False,False,False,False,False
2470,Overlapping Replicator Dynamics for Functional Subnetwork Identification.,False,False,False,False,False,False,False,False,False,False,False,False,False,False,False,False,False,False,False,False
2480,Generative Self-training for Cross-Domain Unsupervised Tagged-to-Cine MRI Synthesis.,False,False,False,False,False,False,False,False,False,False,False,False,False,False,False,False,False,False,False,False
2490,Normative Modeling of Neuroimaging Data Using Scalable Multi-task Gaussian Processes.,False,False,False,False,False,False,False,False,False,False,False,False,False,False,False,False,False,False,False,False
2500,Learning from sparsely annotated data for semantic segmentation in histopathology images.,False,False,False,False,False,False,False,False,False,False,False,False,False,False,False,False,False,False,False,False
2510,Optimally Stabilized PET Image Denoising Using Trilateral Filtering.,False,False,False,False,False,False,False,False,False,False,False,False,False,False,False,False,False,False,False,False
2520,Unsupervised Deep Feature Learning for Deformable Registration of MR Brain Images.,False,False,False,False,False,False,False,False,False,False,False,False,False,False,False,False,False,False,False,False
2530,Image-to-Graph Convolutional Network for Deformable Shape Reconstruction from a Single Projection Image.,False,False,False,False,False,False,False,False,False,False,False,False,False,False,False,False,False,False,False,False
2540,The Active Atlas: Combining 3D Anatomical Models with Texture Detectors.,False,False,False,False,False,False,False,False,False,False,False,False,False,False,False,False,False,False,False,False
2550,Unifying Heterogeneous Electronic Health Records Systems via Text-Based Code Embedding.,False,False,False,False,False,False,False,False,False,False,False,False,False,True,False,False,False,False,False,False
2560,Semantic 3-D Labeling of Ear Implants Using a Global Parametric Transition Prior.,False,False,False,False,False,False,False,False,False,False,False,False,False,False,False,False,False,False,False,False
2570,Cardiac Cycle Estimation for BOLD-fMRI.,False,False,False,False,False,False,False,False,False,False,False,False,False,False,False,False,False,False,False,False
2580,3D Prostate TRUS Segmentation Using Globally Optimized Volume-Preserving Prior.,False,False,False,False,False,False,False,False,False,False,False,False,False,False,False,False,False,False,False,False
2590,Btrfly Net: Vertebrae Labelling with Energy-Based Adversarial Learning of Local Spine Prior.,False,False,False,False,False,False,False,False,False,False,False,False,False,False,False,False,False,False,False,False
2600,Neural Processes Mixed-Effect Models for Deep Normative Modeling of Clinical Neuroimaging Data.,False,False,False,False,False,False,False,False,False,False,False,False,False,False,False,False,False,False,False,False
2610,Interpretable Differential Diagnosis for Alzheimer’s Disease and Frontotemporal Dementia.,False,False,False,False,False,False,False,False,False,False,False,False,False,False,False,False,False,False,False,False
